text,PU,PEOU,PE,EE,SI,FC
AI VEO 3 bikin proses bikin video jauh lebih cepat dibanding manual.,1,0,1,0,0,0
Pakai AI text to video jadi makin gampang karena instruksimya simple banget.,0,1,0,1,0,0
"Kualitas video dari AI VEO 3 meningkat banget, performanya sesuai ekspektasi.",1,0,1,0,0,0
Saya butuh koneksi internet stabil buat jalanin AI ini.,0,0,0,0,0,1
Teman-teman kantor pada rekomendasiin pakai AI VEO 3 buat presentasi.,0,0,0,0,1,0
AI text to video ngebantu banget kerjaan content creation saya.,1,0,1,0,0,0
UI-nya sangat mudah dipahami bahkan untuk pemula.,0,1,0,1,0,0
"Performa rendernya cepat banget, puas banget sama hasilnya.",1,0,1,0,0,0
"Susah jalan kalau internetnya lemot, jadi agak tergantung kondisi jaringan.",0,0,0,0,0,1
Temen-temen komunitas juga banyak yang pindah ke AI VEO 3.,0,0,0,0,1,0
Fitur baru AI VEO 3 benar-benar meningkatkan produktivitas.,1,0,1,0,0,0
"Belajarnya cepat, nggak ribet sama sekali.",0,1,0,1,0,0
Hasil videonya kelihatan profesional tanpa perlu skill editing.,1,0,1,0,0,0
Aplikasi sering error kalau device saya penuh.,0,0,0,0,0,1
Orang-orang di TikTok banyak banget yang bahas AI VEO 3.,0,0,0,0,1,0
AI ini sangat berguna untuk keperluan bisnis saya.,1,0,1,0,0,0
"Cara pakainya simpel, tinggal masukin prompt langsung jadi video.",0,1,0,1,0,0
Video yang dihasilkan AI VEO 3 terlihat lebih realistis.,1,0,1,0,0,0
Saya perlu upgrade GPU supaya lancar render.,0,0,0,0,0,1
Banyak influencer merekomendasikan AI text to video ini.,0,0,0,0,1,0
AI VEO 3 membantu saya menghemat waktu produksi.,1,0,1,0,0,0
Instruksi text-to-video sangat mudah dimengerti.,0,1,0,1,0,0
Hasil performanya konsisten dan stabil.,1,0,1,0,0,0
Butuh ruang penyimpanan cukup besar buat file videonya.,0,0,0,0,0,1
Grup Discord saya semuanya pakai AI VEO 3.,0,0,0,0,1,0
Aplikasi ini sangat membantu marketing usaha saya.,1,0,1,0,0,0
Navigasinya jelas dan user-friendly.,0,1,0,1,0,0
Output AI terlihat sangat natural.,1,0,1,0,0,0
Kalau server crowded kadang prosesnya lama.,0,0,0,0,0,1
Kolega saya bilang AI VEO 3 jadi standar baru video AI.,0,0,0,0,1,0
Saya merasa AI ini meningkatkan kualitas pekerjaan saya.,1,0,1,0,0,0
Pakai AI ini jauh lebih mudah dibanding software editing biasa.,0,1,0,1,0,0
"Performa AInya mantap, nggak mengecewakan.",1,0,1,0,0,0
Perlu perangkat yang cukup kuat biar lancar.,0,0,0,0,0,1
Komunitas kreator banyak yang beralih ke AI VEO 3.,0,0,0,0,1,0
AI text to video benar-benar meningkatkan produktivitas saya.,1,0,1,0,0,0
Tidak perlu skill khusus buat pakai aplikasi ini.,0,1,0,1,0,0
Hasil videonya sesuai kebutuhan perusahaan.,1,0,1,0,0,0
Saya kesulitan kalau jaringan tidak stabil.,0,0,0,0,0,1
Teman kampus saya juga pakai AI ini buat tugas.,0,0,0,0,1,0
AI VEO 3 benar-benar membantu dalam pembuatan konten edukasi.,1,0,1,0,0,0
Pakai aplikasi ini sangat gampang dipelajari.,0,1,0,1,0,0
Performa AI sangat akurat membaca prompt.,1,0,1,0,0,0
Saya butuh storage tambahan buat output-nya.,0,0,0,0,0,1
Sosmed lagi ramai bahas AI VEO 3.,0,0,0,0,1,0
AI ini membantu saya menyelesaikan proyek lebih cepat.,1,0,1,0,0,0
Gampang banget bikin video dari teks pendek.,0,1,0,1,0,0
Hasil rendernya berkualitas tinggi.,1,0,1,0,0,0
Sering ngelag kalau laptop saya panas.,0,0,0,0,0,1
Komunitas desain juga banyak yang adopsi AI ini.,0,0,0,0,1,0
AI VEO 3 sangat berguna untuk produksi konten harian.,1,0,1,0,0,0
Aplikasinya intuitif dan mudah dipahami.,0,1,0,1,0,0
Performa AI sangat memuaskan terutama untuk video pendek.,1,0,1,0,0,0
Saya perlu update aplikasi supaya fitur barunya muncul.,0,0,0,0,0,1
Orang-orang di YouTube review banyak memuji AI VEO 3.,0,0,0,0,1,0
Fitur AI sangat membantu editing tanpa repot.,1,0,1,0,0,0
UI-nya bersih dan nyaman digunakan.,0,1,0,1,0,0
Hasil video sangat sesuai ekspektasi.,1,0,1,0,0,0
Kadang butuh restart aplikasi biar lancar.,0,0,0,0,0,1
Influencer teknologi banyak membahas AI VEO 3.,0,0,0,0,1,0
AI text to video membantu saya menyusun konten marketing.,1,0,1,0,0,0
Mudah banget bikin video dari prompt sederhana.,0,1,0,1,0,0
Performa sangat stabil di laptop saya.,1,0,1,0,0,0
Butuh bandwidth lumayan besar buat render cepat.,0,0,0,0,0,1
Circle pertemanan saya banyak pakai AI ini.,0,0,0,0,1,0
AI VEO 3 benar-benar berguna untuk kebutuhan bisnis.,1,0,1,0,0,0
Sistem navigasi aplikasinya mudah dipahami.,0,1,0,1,0,0
Kualitas performanya konsisten.,1,0,1,0,0,0
Perlu spek device cukup kuat agar lancar.,0,0,0,0,0,1
"Di komuitas kreator, AI VEO 3 jadi pilihan utama.",0,0,0,0,1,0
AI ini sangat membantu membuat konten dengan cepat.,1,0,1,0,0,0
Gampang dipakai meskipun baru pertama pakai.,0,1,0,1,0,0
Hasil videonya detail dan rapi.,1,0,1,0,0,0
Kadang processing stuck kalau RAM penuh.,0,0,0,0,0,1
Banyak teman kantor pakai AI VEO 3 juga.,0,0,0,0,1,0
AI ini bikin workflow saya jauh lebih efisien.,1,0,1,0,0,0
Sangat mudah memahami fitur-fiturnya.,0,1,0,1,0,0
Performa AI saat generate video sangat bagus.,1,0,1,0,0,0
Perlu update driver GPU biar lancar.,0,0,0,0,0,1
AI VEO 3 trending di medsos akhir-akhir ini.,0,0,0,0,1,0
Sangat membantu pekerjaan editing harian saya.,1,0,1,0,0,0
Langsung ngerti cara pakainya tanpa tutorial panjang.,0,1,0,1,0,0
Performa sistemnya cepat dan responsif.,1,0,1,0,0,0
Butuh koneksi kuat biar render cepat.,0,0,0,0,0,1
Kolega saya banyak yang mulai pakai AI ini.,0,0,0,0,1,0
AI VEO 3 sangat bermanfaat untuk produksi konten rutin.,1,0,1,0,0,0
Aplikasinya mudah banget buat saya pahami.,0,1,0,1,0,0
Hasil outputnya memuaskan dari segi performa.,1,0,1,0,0,0
Terkadang harus reinstall agar lancar.,0,0,0,0,0,1
Komunitas kreator sering bahas AI VEO 3 sebagai tools utama.,0,0,0,0,1,0
AI ini sangat membantu saya dalam pembuatan konten visual.,1,0,1,0,0,0
Instruksinya jelas dan mudah diikuti.,0,1,0,1,0,0
Performa AI sangat andal untuk berbagai jenis video.,1,0,1,0,0,0
Saya perlu upgrade RAM biar prosesnya lancar.,0,0,0,0,0,1
Banyak review positif tentang AI VEO 3 di blog teknologi.,0,0,0,0,1,0
AI ini membantu saya menyelesaikan proyek video dengan cepat.,1,0,1,0,0,0
Gampang banget bikin video dari teks singkat.,0,1,0,1,0,0
Hasil rendernya tajam dan jernih.,1,0,1,0,0,0
